Workbook

Sheet parameter_fuzzy
A1: Variabel | B1: Himpunan | C1: a | D1: b | E1: c
A2: Volatilitas | B2: Rendah | C2: 0 | D2: 0 | E2: 200
A3: Volatilitas | B3: Sedang | C3: 150 | D3: 300 | E3: 450
A4: Volatilitas | B4: Tinggi | C4: 400 | D4: 600 | E4: 600
A5: Volume | B5: Rendah | C5: 0 | D5: 3000000 | E5: 3000000
A6: Volume | B6: Sedang | C6: 2000000 | D6: 5000000 | E6: 8000000
A7: Volume | B7: Tinggi | C7: 7000000 | D7: 10000000 | E7: 10000000
A8: Frekuensi | B8: Rendah | C8: 0 | D8: 500 | E8: 500
A9: Frekuensi | B9: Sedang | C9: 400 | D9: 1000 | E9: 1600
A10: Frekuensi | B10: Tinggi | C10: 1500 | D10: 2000 | E10: 2000

Sheet aturan_fuzzy
A1: Rule | B1: Volatilitas | C1: Volume | D1: Frekuensi
A2: Low | B2: Rendah | C2: Tinggi | D2: Tinggi
A3: Medium | B3: Sedang | C3: Tinggi | D3: Tinggi
A4: Medium | B4: Sedang | C4: Sedang | D4: Sedang
A5: High | B5: Tinggi | C5: Rendah | D5: Rendah
A6: High | B6: Tinggi | C6: Sedang | D6: Sedang
A7: Low | B7: Rendah | C7: Sedang | D7: Tinggi

Sheet data_input
A1: kode | B1: selisih | C1: volume | D1: frekuensi
A2: BBCA | B2: 120 | C2: 7000000 | D2: 1800
A3: BBRI | B3: 450 | C3: 3000000 | D3: 900
A4: TLKM | B4: 220 | C4: 9000000 | D4: 1500
A5: ASII | B5: 50 | C5: 1200000 | D5: 400
A6: UNVR | B6: 520 | C6: 2500000 | D6: 600
A7: ICBP | B7: 350 | C7: 6000000 | D7: 1300

Sheet fuzzifikasi
A1: kode | B1: selisih | C1: mu_vol_rendah | D1: mu_vol_sedang | E1: mu_vol_tinggi | F1: volume | G1: mu_volu_rendah | H1: mu_volu_sedang | I1: mu_volu_tinggi | J1: frekuensi | K1: mu_freq_rendah | L1: mu_freq_sedang | M1: mu_freq_tinggi
A2: =data_input!A2 -> BBCA | B2: =data_input!B2 -> 120 | C2: =IF(data_input!B2<=0,1,IF(data_input!B2>=200,0,(200-data_input!B2)/(200-0))) -> 0.4 | D2: =IF(OR(data_input!B2<=150,data_input!B2>=450),0,IF(data_input!B2<=300,(data_input!B2-150)/(300-150),(450-data_input!B2)/(450-300))) -> 0 | E2: =IF(data_input!B2<=400,0,IF(data_input!B2>=600,1,(data_input!B2-400)/(600-400))) -> 0 | F2: =data_input!C2 -> 7000000 | G2: =IF(data_input!C2<=0,1,IF(data_input!C2>=3000000,0,(3000000-data_input!C2)/(3000000-0))) -> 0 | H2: =IF(OR(data_input!C2<=2000000,data_input!C2>=8000000),0,IF(data_input!C2<=5000000,(data_input!C2-2000000)/(5000000-2000000),(8000000-data_input!C2)/(8000000-5000000))) -> 0.33333333 | I2: =IF(data_input!C2<=7000000,0,IF(data_input!C2>=10000000,1,(data_input!C2-7000000)/(10000000-7000000))) -> 0 | J2: =data_input!D2 -> 1800 | K2: =IF(data_input!D2<=0,1,IF(data_input!D2>=500,0,(500-data_input!D2)/(500-0))) -> 0 | L2: =IF(OR(data_input!D2<=400,data_input!D2>=1600),0,IF(data_input!D2<=1000,(data_input!D2-400)/(1000-400),(1600-data_input!D2)/(1600-1000))) -> 0 | M2: =IF(data_input!D2<=1500,0,IF(data_input!D2>=2000,1,(data_input!D2-1500)/(2000-1500))) -> 0.6
A3: =data_input!A3 -> BBRI | B3: =data_input!B3 -> 450 | C3: =IF(data_input!B3<=0,1,IF(data_input!B3>=200,0,(200-data_input!B3)/(200-0))) -> 0 | D3: =IF(OR(data_input!B3<=150,data_input!B3>=450),0,IF(data_input!B3<=300,(data_input!B3-150)/(300-150),(450-data_input!B3)/(450-300))) -> 0 | E3: =IF(data_input!B3<=400,0,IF(data_input!B3>=600,1,(data_input!B3-400)/(600-400))) -> 0.25 | F3: =data_input!C3 -> 3000000 | G3: =IF(data_input!C3<=0,1,IF(data_input!C3>=3000000,0,(3000000-data_input!C3)/(3000000-0))) -> 0 | H3: =IF(OR(data_input!C3<=2000000,data_input!C3>=8000000),0,IF(data_input!C3<=5000000,(data_input!C3-2000000)/(5000000-2000000),(8000000-data_input!C3)/(8000000-5000000))) -> 0.33333333 | I3: =IF(data_input!C3<=7000000,0,IF(data_input!C3>=10000000,1,(data_input!C3-7000000)/(10000000-7000000))) -> 0 | J3: =data_input!D3 -> 900 | K3: =IF(data_input!D3<=0,1,IF(data_input!D3>=500,0,(500-data_input!D3)/(500-0))) -> 0 | L3: =IF(OR(data_input!D3<=400,data_input!D3>=1600),0,IF(data_input!D3<=1000,(data_input!D3-400)/(1000-400),(1600-data_input!D3)/(1600-1000))) -> 0.83333333 | M3: =IF(data_input!D3<=1500,0,IF(data_input!D3>=2000,1,(data_input!D3-1500)/(2000-1500))) -> 0
A4: =data_input!A4 -> TLKM | B4: =data_input!B4 -> 220 | C4: =IF(data_input!B4<=0,1,IF(data_input!B4>=200,0,(200-data_input!B4)/(200-0))) -> 0 | D4: =IF(OR(data_input!B4<=150,data_input!B4>=450),0,IF(data_input!B4<=300,(data_input!B4-150)/(300-150),(450-data_input!B4)/(450-300))) -> 0.46666667 | E4: =IF(data_input!B4<=400,0,IF(data_input!B4>=600,1,(data_input!B4-400)/(600-400))) -> 0 | F4: =data_input!C4 -> 9000000 | G4: =IF(data_input!C4<=0,1,IF(data_input!C4>=3000000,0,(3000000-data_input!C4)/(3000000-0))) -> 0 | H4: =IF(OR(data_input!C4<=2000000,data_input!C4>=8000000),0,IF(data_input!C4<=5000000,(data_input!C4-2000000)/(5000000-2000000),(8000000-data_input!C4)/(8000000-5000000))) -> 0 | I4: =IF(data_input!C4<=7000000,0,IF(data_input!C4>=10000000,1,(data_input!C4-7000000)/(10000000-7000000))) -> 0.66666667 | J4: =data_input!D4 -> 1500 | K4: =IF(data_input!D4<=0,1,IF(data_input!D4>=500,0,(500-data_input!D4)/(500-0))) -> 0 | L4: =IF(OR(data_input!D4<=400,data_input!D4>=1600),0,IF(data_input!D4<=1000,(data_input!D4-400)/(1000-400),(1600-data_input!D4)/(1600-1000))) -> 0.16666667 | M4: =IF(data_input!D4<=1500,0,IF(data_input!D4>=2000,1,(data_input!D4-1500)/(2000-1500))) -> 0
A5: =data_input!A5 -> ASII | B5: =data_input!B5 -> 50 | C5: =IF(data_input!B5<=0,1,IF(data_input!B5>=200,0,(200-data_input!B5)/(200-0))) -> 0.75 | D5: =IF(OR(data_input!B5<=150,data_input!B5>=450),0,IF(data_input!B5<=300,(data_input!B5-150)/(300-150),(450-data_input!B5)/(450-300))) -> 0 | E5: =IF(data_input!B5<=400,0,IF(data_input!B5>=600,1,(data_input!B5-400)/(600-400))) -> 0 | F5: =data_input!C5 -> 1200000 | G5: =IF(data_input!C5<=0,1,IF(data_input!C5>=3000000,0,(3000000-data_input!C5)/(3000000-0))) -> 0.6 | H5: =IF(OR(data_input!C5<=2000000,data_input!C5>=8000000),0,IF(data_input!C5<=5000000,(data_input!C5-2000000)/(5000000-2000000),(8000000-data_input!C5)/(8000000-5000000))) -> 0 | I5: =IF(data_input!C5<=7000000,0,IF(data_input!C5>=10000000,1,(data_input!C5-7000000)/(10000000-7000000))) -> 0 | J5: =data_input!D5 -> 400 | K5: =IF(data_input!D5<=0,1,IF(data_input!D5>=500,0,(500-data_input!D5)/(500-0))) -> 0.2 | L5: =IF(OR(data_input!D5<=400,data_input!D5>=1600),0,IF(data_input!D5<=1000,(data_input!D5-400)/(1000-400),(1600-data_input!D5)/(1600-1000))) -> 0 | M5: =IF(data_input!D5<=1500,0,IF(data_input!D5>=2000,1,(data_input!D5-1500)/(2000-1500))) -> 0
A6: =data_input!A6 -> UNVR | B6: =data_input!B6 -> 520 | C6: =IF(data_input!B6<=0,1,IF(data_input!B6>=200,0,(200-data_input!B6)/(200-0))) -> 0 | D6: =IF(OR(data_input!B6<=150,data_input!B6>=450),0,IF(data_input!B6<=300,(data_input!B6-150)/(300-150),(450-data_input!B6)/(450-300))) -> 0 | E6: =IF(data_input!B6<=400,0,IF(data_input!B6>=600,1,(data_input!B6-400)/(600-400))) -> 0.6 | F6: =data_input!C6 -> 2500000 | G6: =IF(data_input!C6<=0,1,IF(data_input!C6>=3000000,0,(3000000-data_input!C6)/(3000000-0))) -> 0.16666667 | H6: =IF(OR(data_input!C6<=2000000,data_input!C6>=8000000),0,IF(data_input!C6<=5000000,(data_input!C6-2000000)/(5000000-2000000),(8000000-data_input!C6)/(8000000-5000000))) -> 0.16666667 | I6: =IF(data_input!C6<=7000000,0,IF(data_input!C6>=10000000,1,(data_input!C6-7000000)/(10000000-7000000))) -> 0 | J6: =data_input!D6 -> 600 | K6: =IF(data_input!D6<=0,1,IF(data_input!D6>=500,0,(500-data_input!D6)/(500-0))) -> 0 | L6: =IF(OR(data_input!D6<=400,data_input!D6>=1600),0,IF(data_input!D6<=1000,(data_input!D6-400)/(1000-400),(1600-data_input!D6)/(1600-1000))) -> 0.33333333 | M6: =IF(data_input!D6<=1500,0,IF(data_input!D6>=2000,1,(data_input!D6-1500)/(2000-1500))) -> 0
A7: =data_input!A7 -> ICBP | B7: =data_input!B7 -> 350 | C7: =IF(data_input!B7<=0,1,IF(data_input!B7>=200,0,(200-data_input!B7)/(200-0))) -> 0 | D7: =IF(OR(data_input!B7<=150,data_input!B7>=450),0,IF(data_input!B7<=300,(data_input!B7-150)/(300-150),(450-data_input!B7)/(450-300))) -> 0.66666667 | E7: =IF(data_input!B7<=400,0,IF(data_input!B7>=600,1,(data_input!B7-400)/(600-400))) -> 0 | F7: =data_input!C7 -> 6000000 | G7: =IF(data_input!C7<=0,1,IF(data_input!C7>=3000000,0,(3000000-data_input!C7)/(3000000-0))) -> 0 | H7: =IF(OR(data_input!C7<=2000000,data_input!C7>=8000000),0,IF(data_input!C7<=5000000,(data_input!C7-2000000)/(5000000-2000000),(8000000-data_input!C7)/(8000000-5000000))) -> 0.66666667 | I7: =IF(data_input!C7<=7000000,0,IF(data_input!C7>=10000000,1,(data_input!C7-7000000)/(10000000-7000000))) -> 0 | J7: =data_input!D7 -> 1300 | K7: =IF(data_input!D7<=0,1,IF(data_input!D7>=500,0,(500-data_input!D7)/(500-0))) -> 0 | L7: =IF(OR(data_input!D7<=400,data_input!D7>=1600),0,IF(data_input!D7<=1000,(data_input!D7-400)/(1000-400),(1600-data_input!D7)/(1600-1000))) -> 0.5 | M7: =IF(data_input!D7<=1500,0,IF(data_input!D7>=2000,1,(data_input!D7-1500)/(2000-1500))) -> 0

Sheet rule_evaluation
A1: kode | B1: rule_index | C1: rule_output | D1: vol_kind | E1: mu_volatilitas | F1: volu_kind | G1: mu_volume | H1: freq_kind | I1: mu_frekuensi | J1: alpha | K1: z | L1: alpha_z
A2: =fuzzifikasi!A2 -> BBCA | B2: 1 | C2: Low | D2: Rendah | E2: =fuzzifikasi!C2 -> 0.4 | F2: Tinggi | G2: =fuzzifikasi!I2 -> 0 | H2: Tinggi | I2: =fuzzifikasi!M2 -> 0.6 | J2: =MIN(fuzzifikasi!C2,fuzzifikasi!I2,fuzzifikasi!M2) -> 0 | K2: =IF(C2="Low",40-(J2*40), IF(C2="Medium",70-(J2*30), IF(C2="High",100-(J2*30), 0))) -> 40 | L2: =MIN(fuzzifikasi!C2,fuzzifikasi!I2,fuzzifikasi!M2)*K2 -> 0
A3: =fuzzifikasi!A2 -> BBCA | B3: 2 | C3: Medium | D3: Sedang | E3: =fuzzifikasi!D2 -> 0 | F3: Tinggi | G3: =fuzzifikasi!I2 -> 0 | H3: Tinggi | I3: =fuzzifikasi!M2 -> 0.6 | J3: =MIN(fuzzifikasi!D2,fuzzifikasi!I2,fuzzifikasi!M2) -> 0 | K3: =IF(C3="Low",40-(J3*40), IF(C3="Medium",70-(J3*30), IF(C3="High",100-(J3*30), 0))) -> 70 | L3: =MIN(fuzzifikasi!D2,fuzzifikasi!I2,fuzzifikasi!M2)*K3 -> 0
A4: =fuzzifikasi!A2 -> BBCA | B4: 3 | C4: Medium | D4: Sedang | E4: =fuzzifikasi!D2 -> 0 | F4: Sedang | G4: =fuzzifikasi!H2 -> 0.33333333 | H4: Sedang | I4: =fuzzifikasi!L2 -> 0 | J4: =MIN(fuzzifikasi!D2,fuzzifikasi!H2,fuzzifikasi!L2) -> 0 | K4: =IF(C4="Low",40-(J4*40), IF(C4="Medium",70-(J4*30), IF(C4="High",100-(J4*30), 0))) -> 70 | L4: =MIN(fuzzifikasi!D2,fuzzifikasi!H2,fuzzifikasi!L2)*K4 -> 0
A5: =fuzzifikasi!A2 -> BBCA | B5: 4 | C5: High | D5: Tinggi | E5: =fuzzifikasi!E2 -> 0 | F5: Rendah | G5: =fuzzifikasi!G2 -> 0 | H5: Rendah | I5: =fuzzifikasi!K2 -> 0 | J5: =MIN(fuzzifikasi!E2,fuzzifikasi!G2,fuzzifikasi!K2) -> 0 | K5: =IF(C5="Low",40-(J5*40), IF(C5="Medium",70-(J5*30), IF(C5="High",100-(J5*30), 0))) -> 100 | L5: =MIN(fuzzifikasi!E2,fuzzifikasi!G2,fuzzifikasi!K2)*K5 -> 0
A6: =fuzzifikasi!A2 -> BBCA | B6: 5 | C6: High | D6: Tinggi | E6: =fuzzifikasi!E2 -> 0 | F6: Sedang | G6: =fuzzifikasi!H2 -> 0.33333333 | H6: Sedang | I6: =fuzzifikasi!L2 -> 0 | J6: =MIN(fuzzifikasi!E2,fuzzifikasi!H2,fuzzifikasi!L2) -> 0 | K6: =IF(C6="Low",40-(J6*40), IF(C6="Medium",70-(J6*30), IF(C6="High",100-(J6*30), 0))) -> 100 | L6: =MIN(fuzzifikasi!E2,fuzzifikasi!H2,fuzzifikasi!L2)*K6 -> 0
A7: =fuzzifikasi!A2 -> BBCA | B7: 6 | C7: Low | D7: Rendah | E7: =fuzzifikasi!C2 -> 0.4 | F7: Sedang | G7: =fuzzifikasi!H2 -> 0.33333333 | H7: Tinggi | I7: =fuzzifikasi!M2 -> 0.6 | J7: =MIN(fuzzifikasi!C2,fuzzifikasi!H2,fuzzifikasi!M2) -> 0.33333333 | K7: =IF(C7="Low",40-(J7*40), IF(C7="Medium",70-(J7*30), IF(C7="High",100-(J7*30), 0))) -> 26.666667 | L7: =MIN(fuzzifikasi!C2,fuzzifikasi!H2,fuzzifikasi!M2)*K7 -> 8.8888889
A8: =fuzzifikasi!A3 -> BBRI | B8: 1 | C8: Low | D8: Rendah | E8: =fuzzifikasi!C3 -> 0 | F8: Tinggi | G8: =fuzzifikasi!I3 -> 0 | H8: Tinggi | I8: =fuzzifikasi!M3 -> 0 | J8: =MIN(fuzzifikasi!C3,fuzzifikasi!I3,fuzzifikasi!M3) -> 0 | K8: =IF(C8="Low",40-(J8*40), IF(C8="Medium",70-(J8*30), IF(C8="High",100-(J8*30), 0))) -> 40 | L8: =MIN(fuzzifikasi!C3,fuzzifikasi!I3,fuzzifikasi!M3)*K8 -> 0
A9: =fuzzifikasi!A3 -> BBRI | B9: 2 | C9: Medium | D9: Sedang | E9: =fuzzifikasi!D3 -> 0 | F9: Tinggi | G9: =fuzzifikasi!I3 -> 0 | H9: Tinggi | I9: =fuzzifikasi!M3 -> 0 | J9: =MIN(fuzzifikasi!D3,fuzzifikasi!I3,fuzzifikasi!M3) -> 0 | K9: =IF(C9="Low",40-(J9*40), IF(C9="Medium",70-(J9*30), IF(C9="High",100-(J9*30), 0))) -> 70 | L9: =MIN(fuzzifikasi!D3,fuzzifikasi!I3,fuzzifikasi!M3)*K9 -> 0
A10: =fuzzifikasi!A3 -> BBRI | B10: 3 | C10: Medium | D10: Sedang | E10: =fuzzifikasi!D3 -> 0 | F10: Sedang | G10: =fuzzifikasi!H3 -> 0.33333333 | H10: Sedang | I10: =fuzzifikasi!L3 -> 0.83333333 | J10: =MIN(fuzzifikasi!D3,fuzzifikasi!H3,fuzzifikasi!L3) -> 0 | K10: =IF(C10="Low",40-(J10*40), IF(C10="Medium",70-(J10*30), IF(C10="High",100-(J10*30), 0))) -> 70 | L10: =MIN(fuzzifikasi!D3,fuzzifikasi!H3,fuzzifikasi!L3)*K10 -> 0
A11: =fuzzifikasi!A3 -> BBRI | B11: 4 | C11: High | D11: Tinggi | E11: =fuzzifikasi!E3 -> 0.25 | F11: Rendah | G11: =fuzzifikasi!G3 -> 0 | H11: Rendah | I11: =fuzzifikasi!K3 -> 0 | J11: =MIN(fuzzifikasi!E3,fuzzifikasi!G3,fuzzifikasi!K3) -> 0 | K11: =IF(C11="Low",40-(J11*40), IF(C11="Medium",70-(J11*30), IF(C11="High",100-(J11*30), 0))) -> 100 | L11: =MIN(fuzzifikasi!E3,fuzzifikasi!G3,fuzzifikasi!K3)*K11 -> 0
A12: =fuzzifikasi!A3 -> BBRI | B12: 5 | C12: High | D12: Tinggi | E12: =fuzzifikasi!E3 -> 0.25 | F12: Sedang | G12: =fuzzifikasi!H3 -> 0.33333333 | H12: Sedang | I12: =fuzzifikasi!L3 -> 0.83333333 | J12: =MIN(fuzzifikasi!E3,fuzzifikasi!H3,fuzzifikasi!L3) -> 0.25 | K12: =IF(C12="Low",40-(J12*40), IF(C12="Medium",70-(J12*30), IF(C12="High",100-(J12*30), 0))) -> 92.5 | L12: =MIN(fuzzifikasi!E3,fuzzifikasi!H3,fuzzifikasi!L3)*K12 -> 23.125
A13: =fuzzifikasi!A3 -> BBRI | B13: 6 | C13: Low | D13: Rendah | E13: =fuzzifikasi!C3 -> 0 | F13: Sedang | G13: =fuzzifikasi!H3 -> 0.33333333 | H13: Tinggi | I13: =fuzzifikasi!M3 -> 0 | J13: =MIN(fuzzifikasi!C3,fuzzifikasi!H3,fuzzifikasi!M3) -> 0 | K13: =IF(C13="Low",40-(J13*40), IF(C13="Medium",70-(J13*30), IF(C13="High",100-(J13*30), 0))) -> 40 | L13: =MIN(fuzzifikasi!C3,fuzzifikasi!H3,fuzzifikasi!M3)*K13 -> 0
A14: =fuzzifikasi!A4 -> TLKM | B14: 1 | C14: Low | D14: Rendah | E14: =fuzzifikasi!C4 -> 0 | F14: Tinggi | G14: =fuzzifikasi!I4 -> 0.66666667 | H14: Tinggi | I14: =fuzzifikasi!M4 -> 0 | J14: =MIN(fuzzifikasi!C4,fuzzifikasi!I4,fuzzifikasi!M4) -> 0 | K14: =IF(C14="Low",40-(J14*40), IF(C14="Medium",70-(J14*30), IF(C14="High",100-(J14*30), 0))) -> 40 | L14: =MIN(fuzzifikasi!C4,fuzzifikasi!I4,fuzzifikasi!M4)*K14 -> 0
A15: =fuzzifikasi!A4 -> TLKM | B15: 2 | C15: Medium | D15: Sedang | E15: =fuzzifikasi!D4 -> 0.46666667 | F15: Tinggi | G15: =fuzzifikasi!I4 -> 0.66666667 | H15: Tinggi | I15: =fuzzifikasi!M4 -> 0 | J15: =MIN(fuzzifikasi!D4,fuzzifikasi!I4,fuzzifikasi!M4) -> 0 | K15: =IF(C15="Low",40-(J15*40), IF(C15="Medium",70-(J15*30), IF(C15="High",100-(J15*30), 0))) -> 70 | L15: =MIN(fuzzifikasi!D4,fuzzifikasi!I4,fuzzifikasi!M4)*K15 -> 0
A16: =fuzzifikasi!A4 -> TLKM | B16: 3 | C16: Medium | D16: Sedang | E16: =fuzzifikasi!D4 -> 0.46666667 | F16: Sedang | G16: =fuzzifikasi!H4 -> 0 | H16: Sedang | I16: =fuzzifikasi!L4 -> 0.16666667 | J16: =MIN(fuzzifikasi!D4,fuzzifikasi!H4,fuzzifikasi!L4) -> 0 | K16: =IF(C16="Low",40-(J16*40), IF(C16="Medium",70-(J16*30), IF(C16="High",100-(J16*30), 0))) -> 70 | L16: =MIN(fuzzifikasi!D4,fuzzifikasi!H4,fuzzifikasi!L4)*K16 -> 0
A17: =fuzzifikasi!A4 -> TLKM | B17: 4 | C17: High | D17: Tinggi | E17: =fuzzifikasi!E4 -> 0 | F17: Rendah | G17: =fuzzifikasi!G4 -> 0 | H17: Rendah | I17: =fuzzifikasi!K4 -> 0 | J17: =MIN(fuzzifikasi!E4,fuzzifikasi!G4,fuzzifikasi!K4) -> 0 | K17: =IF(C17="Low",40-(J17*40), IF(C17="Medium",70-(J17*30), IF(C17="High",100-(J17*30), 0))) -> 100 | L17: =MIN(fuzzifikasi!E4,fuzzifikasi!G4,fuzzifikasi!K4)*K17 -> 0
A18: =fuzzifikasi!A4 -> TLKM | B18: 5 | C18: High | D18: Tinggi | E18: =fuzzifikasi!E4 -> 0 | F18: Sedang | G18: =fuzzifikasi!H4 -> 0 | H18: Sedang | I18: =fuzzifikasi!L4 -> 0.16666667 | J18: =MIN(fuzzifikasi!E4,fuzzifikasi!H4,fuzzifikasi!L4) -> 0 | K18: =IF(C18="Low",40-(J18*40), IF(C18="Medium",70-(J18*30), IF(C18="High",100-(J18*30), 0))) -> 100 | L18: =MIN(fuzzifikasi!E4,fuzzifikasi!H4,fuzzifikasi!L4)*K18 -> 0
A19: =fuzzifikasi!A4 -> TLKM | B19: 6 | C19: Low | D19: Rendah | E19: =fuzzifikasi!C4 -> 0 | F19: Sedang | G19: =fuzzifikasi!H4 -> 0 | H19: Tinggi | I19: =fuzzifikasi!M4 -> 0 | J19: =MIN(fuzzifikasi!C4,fuzzifikasi!H4,fuzzifikasi!M4) -> 0 | K19: =IF(C19="Low",40-(J19*40), IF(C19="Medium",70-(J19*30), IF(C19="High",100-(J19*30), 0))) -> 40 | L19: =MIN(fuzzifikasi!C4,fuzzifikasi!H4,fuzzifikasi!M4)*K19 -> 0
A20: =fuzzifikasi!A5 -> ASII | B20: 1 | C20: Low | D20: Rendah | E20: =fuzzifikasi!C5 -> 0.75 | F20: Tinggi | G20: =fuzzifikasi!I5 -> 0 | H20: Tinggi | I20: =fuzzifikasi!M5 -> 0 | J20: =MIN(fuzzifikasi!C5,fuzzifikasi!I5,fuzzifikasi!M5) -> 0 | K20: =IF(C20="Low",40-(J20*40), IF(C20="Medium",70-(J20*30), IF(C20="High",100-(J20*30), 0))) -> 40 | L20: =MIN(fuzzifikasi!C5,fuzzifikasi!I5,fuzzifikasi!M5)*K20 -> 0
A21: =fuzzifikasi!A5 -> ASII | B21: 2 | C21: Medium | D21: Sedang | E21: =fuzzifikasi!D5 -> 0 | F21: Tinggi | G21: =fuzzifikasi!I5 -> 0 | H21: Tinggi | I21: =fuzzifikasi!M5 -> 0 | J21: =MIN(fuzzifikasi!D5,fuzzifikasi!I5,fuzzifikasi!M5) -> 0 | K21: =IF(C21="Low",40-(J21*40), IF(C21="Medium",70-(J21*30), IF(C21="High",100-(J21*30), 0))) -> 70 | L21: =MIN(fuzzifikasi!D5,fuzzifikasi!I5,fuzzifikasi!M5)*K21 -> 0
A22: =fuzzifikasi!A5 -> ASII | B22: 3 | C22: Medium | D22: Sedang | E22: =fuzzifikasi!D5 -> 0 | F22: Sedang | G22: =fuzzifikasi!H5 -> 0 | H22: Sedang | I22: =fuzzifikasi!L5 -> 0 | J22: =MIN(fuzzifikasi!D5,fuzzifikasi!H5,fuzzifikasi!L5) -> 0 | K22: =IF(C22="Low",40-(J22*40), IF(C22="Medium",70-(J22*30), IF(C22="High",100-(J22*30), 0))) -> 70 | L22: =MIN(fuzzifikasi!D5,fuzzifikasi!H5,fuzzifikasi!L5)*K22 -> 0
A23: =fuzzifikasi!A5 -> ASII | B23: 4 | C23: High | D23: Tinggi | E23: =fuzzifikasi!E5 -> 0 | F23: Rendah | G23: =fuzzifikasi!G5 -> 0.6 | H23: Rendah | I23: =fuzzifikasi!K5 -> 0.2 | J23: =MIN(fuzzifikasi!E5,fuzzifikasi!G5,fuzzifikasi!K5) -> 0 | K23: =IF(C23="Low",40-(J23*40), IF(C23="Medium",70-(J23*30), IF(C23="High",100-(J23*30), 0))) -> 100 | L23: =MIN(fuzzifikasi!E5,fuzzifikasi!G5,fuzzifikasi!K5)*K23 -> 0
A24: =fuzzifikasi!A5 -> ASII | B24: 5 | C24: High | D24: Tinggi | E24: =fuzzifikasi!E5 -> 0 | F24: Sedang | G24: =fuzzifikasi!H5 -> 0 | H24: Sedang | I24: =fuzzifikasi!L5 -> 0 | J24: =MIN(fuzzifikasi!E5,fuzzifikasi!H5,fuzzifikasi!L5) -> 0 | K24: =IF(C24="Low",40-(J24*40), IF(C24="Medium",70-(J24*30), IF(C24="High",100-(J24*30), 0))) -> 100 | L24: =MIN(fuzzifikasi!E5,fuzzifikasi!H5,fuzzifikasi!L5)*K24 -> 0
A25: =fuzzifikasi!A5 -> ASII | B25: 6 | C25: Low | D25: Rendah | E25: =fuzzifikasi!C5 -> 0.75 | F25: Sedang | G25: =fuzzifikasi!H5 -> 0 | H25: Tinggi | I25: =fuzzifikasi!M5 -> 0 | J25: =MIN(fuzzifikasi!C5,fuzzifikasi!H5,fuzzifikasi!M5) -> 0 | K25: =IF(C25="Low",40-(J25*40), IF(C25="Medium",70-(J25*30), IF(C25="High",100-(J25*30), 0))) -> 40 | L25: =MIN(fuzzifikasi!C5,fuzzifikasi!H5,fuzzifikasi!M5)*K25 -> 0
A26: =fuzzifikasi!A6 -> UNVR | B26: 1 | C26: Low | D26: Rendah | E26: =fuzzifikasi!C6 -> 0 | F26: Tinggi | G26: =fuzzifikasi!I6 -> 0 | H26: Tinggi | I26: =fuzzifikasi!M6 -> 0 | J26: =MIN(fuzzifikasi!C6,fuzzifikasi!I6,fuzzifikasi!M6) -> 0 | K26: =IF(C26="Low",40-(J26*40), IF(C26="Medium",70-(J26*30), IF(C26="High",100-(J26*30), 0))) -> 40 | L26: =MIN(fuzzifikasi!C6,fuzzifikasi!I6,fuzzifikasi!M6)*K26 -> 0
A27: =fuzzifikasi!A6 -> UNVR | B27: 2 | C27: Medium | D27: Sedang | E27: =fuzzifikasi!D6 -> 0 | F27: Tinggi | G27: =fuzzifikasi!I6 -> 0 | H27: Tinggi | I27: =fuzzifikasi!M6 -> 0 | J27: =MIN(fuzzifikasi!D6,fuzzifikasi!I6,fuzzifikasi!M6) -> 0 | K27: =IF(C27="Low",40-(J27*40), IF(C27="Medium",70-(J27*30), IF(C27="High",100-(J27*30), 0))) -> 70 | L27: =MIN(fuzzifikasi!D6,fuzzifikasi!I6,fuzzifikasi!M6)*K27 -> 0
A28: =fuzzifikasi!A6 -> UNVR | B28: 3 | C28: Medium | D28: Sedang | E28: =fuzzifikasi!D6 -> 0 | F28: Sedang | G28: =fuzzifikasi!H6 -> 0.16666667 | H28: Sedang | I28: =fuzzifikasi!L6 -> 0.33333333 | J28: =MIN(fuzzifikasi!D6,fuzzifikasi!H6,fuzzifikasi!L6) -> 0 | K28: =IF(C28="Low",40-(J28*40), IF(C28="Medium",70-(J28*30), IF(C28="High",100-(J28*30), 0))) -> 70 | L28: =MIN(fuzzifikasi!D6,fuzzifikasi!H6,fuzzifikasi!L6)*K28 -> 0
A29: =fuzzifikasi!A6 -> UNVR | B29: 4 | C29: High | D29: Tinggi | E29: =fuzzifikasi!E6 -> 0.6 | F29: Rendah | G29: =fuzzifikasi!G6 -> 0.16666667 | H29: Rendah | I29: =fuzzifikasi!K6 -> 0 | J29: =MIN(fuzzifikasi!E6,fuzzifikasi!G6,fuzzifikasi!K6) -> 0 | K29: =IF(C29="Low",40-(J29*40), IF(C29="Medium",70-(J29*30), IF(C29="High",100-(J29*30), 0))) -> 100 | L29: =MIN(fuzzifikasi!E6,fuzzifikasi!G6,fuzzifikasi!K6)*K29 -> 0
A30: =fuzzifikasi!A6 -> UNVR | B30: 5 | C30: High | D30: Tinggi | E30: =fuzzifikasi!E6 -> 0.6 | F30: Sedang | G30: =fuzzifikasi!H6 -> 0.16666667 | H30: Sedang | I30: =fuzzifikasi!L6 -> 0.33333333 | J30: =MIN(fuzzifikasi!E6,fuzzifikasi!H6,fuzzifikasi!L6) -> 0.16666667 | K30: =IF(C30="Low",40-(J30*40), IF(C30="Medium",70-(J30*30), IF(C30="High",100-(J30*30), 0))) -> 95 | L30: =MIN(fuzzifikasi!E6,fuzzifikasi!H6,fuzzifikasi!L6)*K30 -> 15.833333
A31: =fuzzifikasi!A6 -> UNVR | B31: 6 | C31: Low | D31: Rendah | E31: =fuzzifikasi!C6 -> 0 | F31: Sedang | G31: =fuzzifikasi!H6 -> 0.16666667 | H31: Tinggi | I31: =fuzzifikasi!M6 -> 0 | J31: =MIN(fuzzifikasi!C6,fuzzifikasi!H6,fuzzifikasi!M6) -> 0 | K31: =IF(C31="Low",40-(J31*40), IF(C31="Medium",70-(J31*30), IF(C31="High",100-(J31*30), 0))) -> 40 | L31: =MIN(fuzzifikasi!C6,fuzzifikasi!H6,fuzzifikasi!M6)*K31 -> 0
A32: =fuzzifikasi!A7 -> ICBP | B32: 1 | C32: Low | D32: Rendah | E32: =fuzzifikasi!C7 -> 0 | F32: Tinggi | G32: =fuzzifikasi!I7 -> 0 | H32: Tinggi | I32: =fuzzifikasi!M7 -> 0 | J32: =MIN(fuzzifikasi!C7,fuzzifikasi!I7,fuzzifikasi!M7) -> 0 | K32: =IF(C32="Low",40-(J32*40), IF(C32="Medium",70-(J32*30), IF(C32="High",100-(J32*30), 0))) -> 40 | L32: =MIN(fuzzifikasi!C7,fuzzifikasi!I7,fuzzifikasi!M7)*K32 -> 0
A33: =fuzzifikasi!A7 -> ICBP | B33: 2 | C33: Medium | D33: Sedang | E33: =fuzzifikasi!D7 -> 0.66666667 | F33: Tinggi | G33: =fuzzifikasi!I7 -> 0 | H33: Tinggi | I33: =fuzzifikasi!M7 -> 0 | J33: =MIN(fuzzifikasi!D7,fuzzifikasi!I7,fuzzifikasi!M7) -> 0 | K33: =IF(C33="Low",40-(J33*40), IF(C33="Medium",70-(J33*30), IF(C33="High",100-(J33*30), 0))) -> 70 | L33: =MIN(fuzzifikasi!D7,fuzzifikasi!I7,fuzzifikasi!M7)*K33 -> 0
A34: =fuzzifikasi!A7 -> ICBP | B34: 3 | C34: Medium | D34: Sedang | E34: =fuzzifikasi!D7 -> 0.66666667 | F34: Sedang | G34: =fuzzifikasi!H7 -> 0.66666667 | H34: Sedang | I34: =fuzzifikasi!L7 -> 0.5 | J34: =MIN(fuzzifikasi!D7,fuzzifikasi!H7,fuzzifikasi!L7) -> 0.5 | K34: =IF(C34="Low",40-(J34*40), IF(C34="Medium",70-(J34*30), IF(C34="High",100-(J34*30), 0))) -> 55 | L34: =MIN(fuzzifikasi!D7,fuzzifikasi!H7,fuzzifikasi!L7)*K34 -> 27.5
A35: =fuzzifikasi!A7 -> ICBP | B35: 4 | C35: High | D35: Tinggi | E35: =fuzzifikasi!E7 -> 0 | F35: Rendah | G35: =fuzzifikasi!G7 -> 0 | H35: Rendah | I35: =fuzzifikasi!K7 -> 0 | J35: =MIN(fuzzifikasi!E7,fuzzifikasi!G7,fuzzifikasi!K7) -> 0 | K35: =IF(C35="Low",40-(J35*40), IF(C35="Medium",70-(J35*30), IF(C35="High",100-(J35*30), 0))) -> 100 | L35: =MIN(fuzzifikasi!E7,fuzzifikasi!G7,fuzzifikasi!K7)*K35 -> 0
A36: =fuzzifikasi!A7 -> ICBP | B36: 5 | C36: High | D36: Tinggi | E36: =fuzzifikasi!E7 -> 0 | F36: Sedang | G36: =fuzzifikasi!H7 -> 0.66666667 | H36: Sedang | I36: =fuzzifikasi!L7 -> 0.5 | J36: =MIN(fuzzifikasi!E7,fuzzifikasi!H7,fuzzifikasi!L7) -> 0 | K36: =IF(C36="Low",40-(J36*40), IF(C36="Medium",70-(J36*30), IF(C36="High",100-(J36*30), 0))) -> 100 | L36: =MIN(fuzzifikasi!E7,fuzzifikasi!H7,fuzzifikasi!L7)*K36 -> 0
A37: =fuzzifikasi!A7 -> ICBP | B37: 6 | C37: Low | D37: Rendah | E37: =fuzzifikasi!C7 -> 0 | F37: Sedang | G37: =fuzzifikasi!H7 -> 0.66666667 | H37: Tinggi | I37: =fuzzifikasi!M7 -> 0 | J37: =MIN(fuzzifikasi!C7,fuzzifikasi!H7,fuzzifikasi!M7) -> 0 | K37: =IF(C37="Low",40-(J37*40), IF(C37="Medium",70-(J37*30), IF(C37="High",100-(J37*30), 0))) -> 40 | L37: =MIN(fuzzifikasi!C7,fuzzifikasi!H7,fuzzifikasi!M7)*K37 -> 0

Sheet hasil_final
A1: kode | B1: sum_alpha | C1: sum_alpha_z | D1: z_final | E1: category
A2: =rule_evaluation!A2 -> BBCA | B2: =SUM(rule_evaluation!J2:J7) -> 0.33333333 | C2: =SUM(rule_evaluation!L2:L7) -> 8.8888889 | D2: =IF(B2=0,0,C2/B2) -> 26.666667 | E2: =IF(D2>=70,"Low Risk",IF(D2>=40,"Medium Risk","High Risk")) -> High Risk
A3: =rule_evaluation!A8 -> BBRI | B3: =SUM(rule_evaluation!J8:J13) -> 0.25 | C3: =SUM(rule_evaluation!L8:L13) -> 23.125 | D3: =IF(B3=0,0,C3/B3) -> 92.5 | E3: =IF(D3>=70,"Low Risk",IF(D3>=40,"Medium Risk","High Risk")) -> Low Risk
A4: =rule_evaluation!A14 -> TLKM | B4: =SUM(rule_evaluation!J14:J19) -> 0 | C4: =SUM(rule_evaluation!L14:L19) -> 0 | D4: =IF(B4=0,0,C4/B4) -> 0 | E4: =IF(D4>=70,"Low Risk",IF(D4>=40,"Medium Risk","High Risk")) -> High Risk
A5: =rule_evaluation!A20 -> ASII | B5: =SUM(rule_evaluation!J20:J25) -> 0 | C5: =SUM(rule_evaluation!L20:L25) -> 0 | D5: =IF(B5=0,0,C5/B5) -> 0 | E5: =IF(D5>=70,"Low Risk",IF(D5>=40,"Medium Risk","High Risk")) -> High Risk
A6: =rule_evaluation!A26 -> UNVR | B6: =SUM(rule_evaluation!J26:J31) -> 0.16666667 | C6: =SUM(rule_evaluation!L26:L31) -> 15.833333 | D6: =IF(B6=0,0,C6/B6) -> 95 | E6: =IF(D6>=70,"Low Risk",IF(D6>=40,"Medium Risk","High Risk")) -> Low Risk
A7: =rule_evaluation!A32 -> ICBP | B7: =SUM(rule_evaluation!J32:J37) -> 0.5 | C7: =SUM(rule_evaluation!L32:L37) -> 27.5 | D7: =IF(B7=0,0,C7/B7) -> 55 | E7: =IF(D7>=70,"Low Risk",IF(D7>=40,"Medium Risk","High Risk")) -> Medium Risk
