Workbook

Sheet parameter_fuzzy
A1: Variabel | B1: Himpunan | C1: a | D1: b | E1: c
A2: Volatilitas | B2: Rendah | C2: 0 | D2: 30 | E2: 60
A3: Volatilitas | B3: Sedang | C3: 30 | D3: 90 | E3: 120
A4: Volatilitas | B4: Tinggi | C4: 90 | D4: 150 | E4: 300
A5: Volume | B5: Rendah | C5: 0 | D5: 25000000 | E5: 50000000
A6: Volume | B6: Sedang | C6: 30000000 | D6: 90000000 | E6: 120000000
A7: Volume | B7: Tinggi | C7: 100000000 | D7: 150000000 | E7: 300000000
A8: Frekuensi | B8: Rendah | C8: 0 | D8: 5000 | E8: 10000
A9: Frekuensi | B9: Sedang | C9: 6000 | D9: 15000 | E9: 20000
A10: Frekuensi | B10: Tinggi | C10: 15000 | D10: 25000 | E10: 40000

Sheet aturan_fuzzy (rule)
A1: ID | B1: Volatilitas | C1: Volume | D1: Frekuensi | E1: Output
A2: R1 | B2: Rendah | C2: Rendah | D2: Rendah | E2: Medium_Risk
A3: R2 | B3: Rendah | C3: Rendah | D3: Sedang | E3: Medium_Risk
A4: R3 | B4: Rendah | C4: Rendah | D4: Tinggi | E4: Low_Risk
A5: R4 | B5: Rendah | C5: Sedang | D5: Rendah | E5: Medium_Risk
A6: R5 | B6: Rendah | C6: Sedang | D6: Sedang | E6: Low_Risk
A7: R6 | B7: Rendah | C7: Sedang | D7: Tinggi | E7: Low_Risk
A8: R7 | B8: Rendah | C8: Tinggi | D8: Rendah | E8: Low_Risk
A9: R8 | B9: Rendah | C9: Tinggi | D9: Sedang | E9: Low_Risk
A10: R9 | B10: Rendah | C10: Tinggi | D10: Tinggi | E10: Low_Risk
A11: R10 | B11: Sedang | C11: Rendah | D11: Rendah | E11: High_Risk
A12: R11 | B12: Sedang | C12: Rendah | D12: Sedang | E12: Medium_Risk
... A28: R27 | B28: Tinggi | C28: Tinggi | D28: Tinggi | E28: Low_Risk

Sheet data_input
A1: Kode | B1: Selisih | C1: Volume | D1: Frekuensi
A2: BBCA | B2: 100 | C2: 164697500 | D2: 29510
A3: BBRI | B3: 0 | C3: 226832200 | D3: 28803
A4: TLKM | B4: 50 | C4: 96333300 | D4: 9425
A5: ASII | B5: 0 | C5: 46038900 | D5: 13608
A6: UNVR | B6: 35 | C6: 50952000 | D6: 9231
A7: ICBP | B7: 100 | C7: 2335600 | D7: 2079

Sheet fuzzifikasi
A1: kode | B1: selisih | C1: mu_vol_rendah | D1: mu_vol_sedang | E1: mu_vol_tinggi | F1: volume | G1: mu_volu_rendah | H1: mu_volu_sedang | I1: mu_volu_tinggi | J1: frekuensi | K1: mu_freq_rendah | L1: mu_freq_sedang | M1: mu_freq_tinggi
A2: =data_input!A2 -> BBCA | B2: =data_input!B2 -> 100 | C2: =IF(B2>=60,0,IF(B2<=30,1,(60-B2)/30)) -> 0 | D2: =IF(OR(B2<=30,B2>=120),0,IF(B2<=60,(B2-30)/30,IF(B2<=90,1,(120-B2)/30))) -> 0.66666667 | E2: =IF(B2<=90,0,IF(B2>=150,1,(B2-90)/60)) -> 0.16666667 | F2: =data_input!C2 -> 164697500 | G2: =IF(F2>=50000000,0,IF(F2<=25000000,1,(50000000-F2)/25000000)) -> 0 | H2: =IF(OR(F2<=30000000,F2>=120000000),0,IF(F2<=60000000,(F2-30000000)/30000000,IF(F2<=90000000,1,(120000000-F2)/30000000))) -> 0 | I2: =IF(F2<=100000000,0,IF(F2>=150000000,1,(F2-100000000)/50000000)) -> 1 | J2: =data_input!D2 -> 29510 | K2: =IF(J2>=10000,0,IF(J2<=5000,1,(10000-J2)/5000)) -> 0 | L2: =IF(OR(J2<=6000,J2>=20000),0,IF(J2<=10000,(J2-6000)/4000,IF(J2<=15000,1,(20000-J2)/5000))) -> 0 | M2: =IF(J2<=15000,0,IF(J2>=25000,1,(J2-15000)/10000)) -> 1
A3: =data_input!A3 -> BBRI | B3: =data_input!B3 -> 0 | C3: =IF(B3>=60,0,IF(B3<=30,1,(60-B3)/30)) -> 1 | D3: =IF(OR(B3<=30,B3>=120),0,IF(B3<=60,(B3-30)/30,IF(B3<=90,1,(120-B3)/30))) -> 0 | E3: =IF(B3<=90,0,IF(B3>=150,1,(B3-90)/60)) -> 0 | F3: =data_input!C3 -> 226832200 | G3: =IF(F3>=50000000,0,IF(F3<=25000000,1,(50000000-F3)/25000000)) -> 0 | H3: =IF(OR(F3<=30000000,F3>=120000000),0,IF(F3<=60000000,(F3-30000000)/30000000,IF(F3<=90000000,1,(120000000-F3)/30000000))) -> 0 | I3: =IF(F3<=100000000,0,IF(F3>=150000000,1,(F3-100000000)/50000000)) -> 1 | J3: =data_input!D3 -> 28803 | K3: =IF(J3>=10000,0,IF(J3<=5000,1,(10000-J3)/5000)) -> 0 | L3: =IF(OR(J3<=6000,J3>=20000),0,IF(J3<=10000,(J3-6000)/4000,IF(J3<=15000,1,(20000-J3)/5000))) -> 0 | M3: =IF(J3<=15000,0,IF(J3>=25000,1,(J3-15000)/10000)) -> 1
A4: =data_input!A4 -> TLKM | B4: =data_input!B4 -> 50 | C4: =IF(B4>=60,0,IF(B4<=30,1,(60-B4)/30)) -> 0.33333333 | D4: =IF(OR(B4<=30,B4>=120),0,IF(B4<=60,(B4-30)/30,IF(B4<=90,1,(120-B4)/30))) -> 0.66666667 | E4: =IF(B4<=90,0,IF(B4>=150,1,(B4-90)/60)) -> 0 | F4: =data_input!C4 -> 96333300 | G4: =IF(F4>=50000000,0,IF(F4<=25000000,1,(50000000-F4)/25000000)) -> 0 | H4: =IF(OR(F4<=30000000,F4>=120000000),0,IF(F4<=60000000,(F4-30000000)/30000000,IF(F4<=90000000,1,(120000000-F4)/30000000))) -> 0.78889 | I4: =IF(F4<=100000000,0,IF(F4>=150000000,1,(F4-100000000)/50000000)) -> 0 | J4: =data_input!D4 -> 9425 | K4: =IF(J4>=10000,0,IF(J4<=5000,1,(10000-J4)/5000)) -> 0.115 | L4: =IF(OR(J4<=6000,J4>=20000),0,IF(J4<=10000,(J4-6000)/4000,IF(J4<=15000,1,(20000-J4)/5000))) -> 0.85625 | M4: =IF(J4<=15000,0,IF(J4>=25000,1,(J4-15000)/10000)) -> 0
A5: =data_input!A5 -> ASII | B5: =data_input!B5 -> 0 | C5: =IF(B5>=60,0,IF(B5<=30,1,(60-B5)/30)) -> 1 | D5: =IF(OR(B5<=30,B5>=120),0,IF(B5<=60,(B5-30)/30,IF(B5<=90,1,(120-B5)/30))) -> 0 | E5: =IF(B5<=90,0,IF(B5>=150,1,(B5-90)/60)) -> 0 | F5: =data_input!C5 -> 46038900 | G5: =IF(F5>=50000000,0,IF(F5<=25000000,1,(50000000-F5)/25000000)) -> 0.158444 | H5: =IF(OR(F5<=30000000,F5>=120000000),0,IF(F5<=60000000,(F5-30000000)/30000000,IF(F5<=90000000,1,(120000000-F5)/30000000))) -> 0.53463 | I5: =IF(F5<=100000000,0,IF(F5>=150000000,1,(F5-100000000)/50000000)) -> 0 | J5: =data_input!D5 -> 13608 | K5: =IF(J5>=10000,0,IF(J5<=5000,1,(10000-J5)/5000)) -> 0 | L5: =IF(OR(J5<=6000,J5>=20000),0,IF(J5<=10000,(J5-6000)/4000,IF(J5<=15000,1,(20000-J5)/5000))) -> 1 | M5: =IF(J5<=15000,0,IF(J5>=25000,1,(J5-15000)/10000)) -> 0
A6: =data_input!A6 -> UNVR | B6: =data_input!B6 -> 35 | C6: =IF(B6>=60,0,IF(B6<=30,1,(60-B6)/30)) -> 0.83333333 | D6: =IF(OR(B6<=30,B6>=120),0,IF(B6<=60,(B6-30)/30,IF(B6<=90,1,(120-B6)/30))) -> 0.16666667 | E6: =IF(B6<=90,0,IF(B6>=150,1,(B6-90)/60)) -> 0 | F6: =data_input!C6 -> 50952000 | G6: =IF(F6>=50000000,0,IF(F6<=25000000,1,(50000000-F6)/25000000)) -> 0 | H6: =IF(OR(F6<=30000000,F6>=120000000),0,IF(F6<=60000000,(F6-30000000)/30000000,IF(F6<=90000000,1,(120000000-F6)/30000000))) -> 0.6984 | I6: =IF(F6<=100000000,0,IF(F6>=150000000,1,(F6-100000000)/50000000)) -> 0 | J6: =data_input!D6 -> 9231 | K6: =IF(J6>=10000,0,IF(J6<=5000,1,(10000-J6)/5000)) -> 0.1538 | L6: =IF(OR(J6<=6000,J6>=20000),0,IF(J6<=10000,(J6-6000)/4000,IF(J6<=15000,1,(20000-J6)/5000))) -> 0.80775 | M6: =IF(J6<=15000,0,IF(J6>=25000,1,(J6-15000)/10000)) -> 0
A7: =data_input!A7 -> ICBP | B7: =data_input!B7 -> 100 | C7: =IF(B7>=60,0,IF(B7<=30,1,(60-B7)/30)) -> 0 | D7: =IF(OR(B7<=30,B7>=120),0,IF(B7<=60,(B7-30)/30,IF(B7<=90,1,(120-B7)/30))) -> 0.66666667 | E7: =IF(B7<=90,0,IF(B7>=150,1,(B7-90)/60)) -> 0.16666667 | F7: =data_input!C7 -> 2335600 | G7: =IF(F7>=50000000,0,IF(F7<=25000000,1,(50000000-F7)/25000000)) -> 1 | H7: =IF(OR(F7<=30000000,F7>=120000000),0,IF(F7<=60000000,(F7-30000000)/30000000,IF(F7<=90000000,1,(120000000-F7)/30000000))) -> 0 | I7: =IF(F7<=100000000,0,IF(F7>=150000000,1,(F7-100000000)/50000000)) -> 0 | J7: =data_input!D7 -> 2079 | K7: =IF(J7>=10000,0,IF(J7<=5000,1,(10000-J7)/5000)) -> 1 | L7: =IF(OR(J7<=6000,J7>=20000),0,IF(J7<=10000,(J7-6000)/4000,IF(J7<=15000,1,(20000-J7)/5000))) -> 0 | M7: =IF(J7<=15000,0,IF(J7>=25000,1,(J7-15000)/10000)) -> 0

Sheet rule_evaluation (inferensi)
A1: Kode | B1: Rule ID | C1: Output | D1: μ Vol | E1: μ Volu | F1: μ Freq | G1: Alpha (Min) | H1: Z Score | I1: Alpha * Z
A2: BBCA | B2: R1 | C2: Medium_Risk | D2: =IF(VLOOKUP(B2,'aturan_fuzzy (rule)'!$A$2:$E$28,2,FALSE)="Rendah",VLOOKUP(A2,fuzzifikasi!$A:$M,3,FALSE),IF(VLOOKUP(B2,'aturan_fuzzy (rule)'!$A$2:$E$28,2,FALSE)="Sedang",VLOOKUP(A2,fuzzifikasi!$A:$M,4,FALSE),VLOOKUP(A2,fuzzifikasi!$A:$M,5,FALSE))) -> 0 | E2: =IF(VLOOKUP(B2,'aturan_fuzzy (rule)'!$A$2:$E$28,3,FALSE)="Rendah",VLOOKUP(A2,fuzzifikasi!$A:$M,7,FALSE),IF(VLOOKUP(B2,'aturan_fuzzy (rule)'!$A$2:$E$28,3,FALSE)="Sedang",VLOOKUP(A2,fuzzifikasi!$A:$M,8,FALSE),VLOOKUP(A2,fuzzifikasi!$A:$M,9,FALSE))) -> 0 | F2: =IF(VLOOKUP(B2,'aturan_fuzzy (rule)'!$A$2:$E$28,4,FALSE)="Rendah",VLOOKUP(A2,fuzzifikasi!$A:$M,11,FALSE),IF(VLOOKUP(B2,'aturan_fuzzy (rule)'!$A$2:$E$28,4,FALSE)="Sedang",VLOOKUP(A2,fuzzifikasi!$A:$M,12,FALSE),VLOOKUP(A2,fuzzifikasi!$A:$M,13,FALSE))) -> 0 | G2: =MIN(D2, E2, F2) -> 0 | H2: =IF(C2="Low_Risk", 70+(G2*30), IF(C2="Medium_Risk", 40+(G2*30), 40-(G2*40))) -> 40 | I2: =G2*H2 -> 0
A3: BBCA | B3: R2 | C3: Medium_Risk | D3: =IF(VLOOKUP(B3,'aturan_fuzzy (rule)'!$A$2:$E$28,2,FALSE)="Rendah",VLOOKUP(A3,fuzzifikasi!$A:$M,3,FALSE),IF(VLOOKUP(B3,'aturan_fuzzy (rule)'!$A$2:$E$28,2,FALSE)="Sedang",VLOOKUP(A3,fuzzifikasi!$A:$M,4,FALSE),VLOOKUP(A3,fuzzifikasi!$A:$M,5,FALSE))) -> 0 | E3: =IF(VLOOKUP(B3,'aturan_fuzzy (rule)'!$A$2:$E$28,3,FALSE)="Rendah",VLOOKUP(A3,fuzzifikasi!$A:$M,7,FALSE),IF(VLOOKUP(B3,'aturan_fuzzy (rule)'!$A$2:$E$28,3,FALSE)="Sedang",VLOOKUP(A3,fuzzifikasi!$A:$M,8,FALSE),VLOOKUP(A3,fuzzifikasi!$A:$M,9,FALSE))) -> 0 | F3: =IF(VLOOKUP(B3,'aturan_fuzzy (rule)'!$A$2:$E$28,4,FALSE)="Rendah",VLOOKUP(A3,fuzzifikasi!$A:$M,11,FALSE),IF(VLOOKUP(B3,'aturan_fuzzy (rule)'!$A$2:$E$28,4,FALSE)="Sedang",VLOOKUP(A3,fuzzifikasi!$A:$M,12,FALSE),VLOOKUP(A3,fuzzifikasi!$A:$M,13,FALSE))) -> 0 | G3: =MIN(D3, E3, F3) -> 0 | H3: =IF(C3="Low_Risk", 70+(G3*30), IF(C3="Medium_Risk", 40+(G3*30), 40-(G3*40))) -> 40 | I3: =G3*H3 -> 0
A4: BBCA | B4: R3 | C4: Low_Risk | D4: =IF(VLOOKUP(B4,'aturan_fuzzy (rule)'!$A$2:$E$28,2,FALSE)="Rendah",VLOOKUP(A4,fuzzifikasi!$A:$M,3,FALSE),IF(VLOOKUP(B4,'aturan_fuzzy (rule)'!$A$2:$E$28,2,FALSE)="Sedang",VLOOKUP(A4,fuzzifikasi!$A:$M,4,FALSE),VLOOKUP(A4,fuzzifikasi!$A:$M,5,FALSE))) -> 0 | E4: =IF(VLOOKUP(B4,'aturan_fuzzy (rule)'!$A$2:$E$28,3,FALSE)="Rendah",VLOOKUP(A4,fuzzifikasi!$A:$M,7,FALSE),IF(VLOOKUP(B4,'aturan_fuzzy (rule)'!$A$2:$E$28,3,FALSE)="Sedang",VLOOKUP(A4,fuzzifikasi!$A:$M,8,FALSE),VLOOKUP(A4,fuzzifikasi!$A:$M,9,FALSE))) -> 0 | F4: =IF(VLOOKUP(B4,'aturan_fuzzy (rule)'!$A$2:$E$28,4,FALSE)="Rendah",VLOOKUP(A4,fuzzifikasi!$A:$M,11,FALSE),IF(VLOOKUP(B4,'aturan_fuzzy (rule)'!$A$2:$E$28,4,FALSE)="Sedang",VLOOKUP(A4,fuzzifikasi!$A:$M,12,FALSE),VLOOKUP(A4,fuzzifikasi!$A:$M,13,FALSE))) -> 1 | G4: =MIN(D4, E4, F4) -> 0 | H4: =IF(C4="Low_Risk", 70+(G4*30), IF(C4="Medium_Risk", 40+(G4*30), 40-(G4*40))) -> 70 | I4: =G4*H4 -> 0
A5: BBCA | B5: R4 | C5: Medium_Risk | D5: =IF(VLOOKUP(B5,'aturan_fuzzy (rule)'!$A$2:$E$28,2,FALSE)="Rendah",VLOOKUP(A5,fuzzifikasi!$A:$M,3,FALSE),IF(VLOOKUP(B5,'aturan_fuzzy (rule)'!$A$2:$E$28,2,FALSE)="Sedang",VLOOKUP(A5,fuzzifikasi!$A:$M,4,FALSE),VLOOKUP(A5,fuzzifikasi!$A:$M,5,FALSE))) -> 0 | E5: =IF(VLOOKUP(B5,'aturan_fuzzy (rule)'!$A$2:$E$28,3,FALSE)="Rendah",VLOOKUP(A5,fuzzifikasi!$A:$M,7,FALSE),IF(VLOOKUP(B5,'aturan_fuzzy (rule)'!$A$2:$E$28,3,FALSE)="Sedang",VLOOKUP(A5,fuzzifikasi!$A:$M,8,FALSE),VLOOKUP(A5,fuzzifikasi!$A:$M,9,FALSE))) -> 0 | F5: =IF(VLOOKUP(B5,'aturan_fuzzy (rule)'!$A$2:$E$28,4,FALSE)="Rendah",VLOOKUP(A5,fuzzifikasi!$A:$M,11,FALSE),IF(VLOOKUP(B5,'aturan_fuzzy (rule)'!$A$2:$E$28,4,FALSE)="Sedang",VLOOKUP(A5,fuzzifikasi!$A:$M,12,FALSE),VLOOKUP(A5,fuzzifikasi!$A:$M,13,FALSE))) -> 0 | G5: =MIN(D5, E5, F5) -> 0 | H5: =IF(C5="Low_Risk", 70+(G5*30), IF(C5="Medium_Risk", 40+(G5*30), 40-(G5*40))) -> 40 | I5: =G5*H5 -> 0
A6: BBCA | B6: R5 | C6: Low_Risk | D6: =IF(VLOOKUP(B6,'aturan_fuzzy (rule)'!$A$2:$E$28,2,FALSE)="Rendah",VLOOKUP(A6,fuzzifikasi!$A:$M,3,FALSE),IF(VLOOKUP(B6,'aturan_fuzzy (rule)'!$A$2:$E$28,2,FALSE)="Sedang",VLOOKUP(A6,fuzzifikasi!$A:$M,4,FALSE),VLOOKUP(A6,fuzzifikasi!$A:$M,5,FALSE))) -> 0 | E6: =IF(VLOOKUP(B6,'aturan_fuzzy (rule)'!$A$2:$E$28,3,FALSE)="Rendah",VLOOKUP(A6,fuzzifikasi!$A:$M,7,FALSE),IF(VLOOKUP(B6,'aturan_fuzzy (rule)'!$A$2:$E$28,3,FALSE)="Sedang",VLOOKUP(A6,fuzzifikasi!$A:$M,8,FALSE),VLOOKUP(A6,fuzzifikasi!$A:$M,9,FALSE))) -> 0 | F6: =IF(VLOOKUP(B6,'aturan_fuzzy (rule)'!$A$2:$E$28,4,FALSE)="Rendah",VLOOKUP(A6,fuzzifikasi!$A:$M,11,FALSE),IF(VLOOKUP(B6,'aturan_fuzzy (rule)'!$A$2:$E$28,4,FALSE)="Sedang",VLOOKUP(A6,fuzzifikasi!$A:$M,12,FALSE),VLOOKUP(A6,fuzzifikasi!$A:$M,13,FALSE))) -> 0 | G6: =MIN(D6, E6, F6) -> 0 | H6: =IF(C6="Low_Risk", 70+(G6*30), IF(C6="Medium_Risk", 40+(G6*30), 40-(G6*40))) -> 70 | I6: =G6*H6 -> 0
A7: BBCA | B7: R6 | C7: Low_Risk | D7: =IF(VLOOKUP(B7,'aturan_fuzzy (rule)'!$A$2:$E$28,2,FALSE)="Rendah",VLOOKUP(A7,fuzzifikasi!$A:$M,3,FALSE),IF(VLOOKUP(B7,'aturan_fuzzy (rule)'!$A$2:$E$28,2,FALSE)="Sedang",VLOOKUP(A7,fuzzifikasi!$A:$M,4,FALSE),VLOOKUP(A7,fuzzifikasi!$A:$M,5,FALSE))) -> 0 | E7: =IF(VLOOKUP(B7,'aturan_fuzzy (rule)'!$A$2:$E$28,3,FALSE)="Rendah",VLOOKUP(A7,fuzzifikasi!$A:$M,7,FALSE),IF(VLOOKUP(B7,'aturan_fuzzy (rule)'!$A$2:$E$28,3,FALSE)="Sedang",VLOOKUP(A7,fuzzifikasi!$A:$M,8,FALSE),VLOOKUP(A7,fuzzifikasi!$A:$M,9,FALSE))) -> 0 | F7: =IF(VLOOKUP(B7,'aturan_fuzzy (rule)'!$A$2:$E$28,4,FALSE)="Rendah",VLOOKUP(A7,fuzzifikasi!$A:$M,11,FALSE),IF(VLOOKUP(B7,'aturan_fuzzy (rule)'!$A$2:$E$28,4,FALSE)="Sedang",VLOOKUP(A7,fuzzifikasi!$A:$M,12,FALSE),VLOOKUP(A7,fuzzifikasi!$A:$M,13,FALSE))) -> 1 | G7: =MIN(D7, E7, F7) -> 0 | H7: =IF(C7="Low_Risk", 70+(G7*30), IF(C7="Medium_Risk", 40+(G7*30), 40-(G7*40))) -> 70 | I7: =G7*H7 -> 0
A8: BBCA | B8: R7 | C8: Low_Risk | D8: =IF(VLOOKUP(B8,'aturan_fuzzy (rule)'!$A$2:$E$28,2,FALSE)="Rendah",VLOOKUP(A8,fuzzifikasi!$A:$M,3,FALSE),IF(VLOOKUP(B8,'aturan_fuzzy (rule)'!$A$2:$E$28,2,FALSE)="Sedang",VLOOKUP(A8,fuzzifikasi!$A:$M,4,FALSE),VLOOKUP(A8,fuzzifikasi!$A:$M,5,FALSE))) -> 0 | E8: =IF(VLOOKUP(B8,'aturan_fuzzy (rule)'!$A$2:$E$28,3,FALSE)="Rendah",VLOOKUP(A8,fuzzifikasi!$A:$M,7,FALSE),IF(VLOOKUP(B8,'aturan_fuzzy (rule)'!$A$2:$E$28,3,FALSE)="Sedang",VLOOKUP(A8,fuzzifikasi!$A:$M,8,FALSE),VLOOKUP(A8,fuzzifikasi!$A:$M,9,FALSE))) -> 1 | F8: =IF(VLOOKUP(B8,'aturan_fuzzy (rule)'!$A$2:$E$28,4,FALSE)="Rendah",VLOOKUP(A8,fuzzifikasi!$A:$M,11,FALSE),IF(VLOOKUP(B8,'aturan_fuzzy (rule)'!$A$2:$E$28,4,FALSE)="Sedang",VLOOKUP(A8,fuzzifikasi!$A:$M,12,FALSE),VLOOKUP(A8,fuzzifikasi!$A:$M,13,FALSE))) -> 0 | G8: =MIN(D8, E8, F8) -> 0 | H8: =IF(C8="Low_Risk", 70+(G8*30), IF(C8="Medium_Risk", 40+(G8*30), 40-(G8*40))) -> 70 | I8: =G8*H8 -> 0
A9: BBCA | B9: R8 | C9: Low_Risk | D9: =IF(VLOOKUP(B9,'aturan_fuzzy (rule)'!$A$2:$E$28,2,FALSE)="Rendah",VLOOKUP(A9,fuzzifikasi!$A:$M,3,FALSE),IF(VLOOKUP(B9,'aturan_fuzzy (rule)'!$A$2:$E$28,2,FALSE)="Sedang",VLOOKUP(A9,fuzzifikasi!$A:$M,4,FALSE),VLOOKUP(A9,fuzzifikasi!$A:$M,5,FALSE))) -> 0 | E9: =IF(VLOOKUP(B9,'aturan_fuzzy (rule)'!$A$2:$E$28,3,FALSE)="Rendah",VLOOKUP(A9,fuzzifikasi!$A:$M,7,FALSE),IF(VLOOKUP(B9,'aturan_fuzzy (rule)'!$A$2:$E$28,3,FALSE)="Sedang",VLOOKUP(A9,fuzzifikasi!$A:$M,8,FALSE),VLOOKUP(A9,fuzzifikasi!$A:$M,9,FALSE))) -> 1 | F9: =IF(VLOOKUP(B9,'aturan_fuzzy (rule)'!$A$2:$E$28,4,FALSE)="Rendah",VLOOKUP(A9,fuzzifikasi!$A:$M,11,FALSE),IF(VLOOKUP(B9,'aturan_fuzzy (rule)'!$A$2:$E$28,4,FALSE)="Sedang",VLOOKUP(A9,fuzzifikasi!$A:$M,12,FALSE),VLOOKUP(A9,fuzzifikasi!$A:$M,13,FALSE))) -> 0 | G9: =MIN(D9, E9, F9) -> 0 | H9: =IF(C9="Low_Risk", 70+(G9*30), IF(C9="Medium_Risk", 40+(G9*30), 40-(G9*40))) -> 70 | I9: =G9*H9 -> 0
A10: BBCA | B10: R9 | C10: Low_Risk | D10: =IF(VLOOKUP(B10,'aturan_fuzzy (rule)'!$A$2:$E$28,2,FALSE)="Rendah",VLOOKUP(A10,fuzzifikasi!$A:$M,3,FALSE),IF(VLOOKUP(B10,'aturan_fuzzy (rule)'!$A$2:$E$28,2,FALSE)="Sedang",VLOOKUP(A10,fuzzifikasi!$A:$M,4,FALSE),VLOOKUP(A10,fuzzifikasi!$A:$M,5,FALSE))) -> 0 | E10: =IF(VLOOKUP(B10,'aturan_fuzzy (rule)'!$A$2:$E$28,3,FALSE)="Rendah",VLOOKUP(A10,fuzzifikasi!$A:$M,7,FALSE),IF(VLOOKUP(B10,'aturan_fuzzy (rule)'!$A$2:$E$28,3,FALSE)="Sedang",VLOOKUP(A10,fuzzifikasi!$A:$M,8,FALSE),VLOOKUP(A10,fuzzifikasi!$A:$M,9,FALSE))) -> 1 | F10: =IF(VLOOKUP(B10,'aturan_fuzzy (rule)'!$A$2:$E$28,4,FALSE)="Rendah",VLOOKUP(A10,fuzzifikasi!$A:$M,11,FALSE),IF(VLOOKUP(B10,'aturan_fuzzy (rule)'!$A$2:$E$28,4,FALSE)="Sedang",VLOOKUP(A10,fuzzifikasi!$A:$M,12,FALSE),VLOOKUP(A10,fuzzifikasi!$A:$M,13,FALSE))) -> 1 | G10: =MIN(D10, E10, F10) -> 0 | H10: =IF(C10="Low_Risk", 70+(G10*30), IF(C10="Medium_Risk", 40+(G10*30), 40-(G10*40))) -> 70 | I10: =G10*H10 -> 0
A11: BBCA | B11: R10 | C11: High_Risk | D11: =IF(VLOOKUP(B11,'aturan_fuzzy (rule)'!$A$2:$E$28,2,FALSE)="Rendah",VLOOKUP(A11,fuzzifikasi!$A:$M,3,FALSE),IF(VLOOKUP(B11,'aturan_fuzzy (rule)'!$A$2:$E$28,2,FALSE)="Sedang",VLOOKUP(A11,fuzzifikasi!$A:$M,4,FALSE),VLOOKUP(A11,fuzzifikasi!$A:$M,5,FALSE))) -> 0.66666667 | E11: =IF(VLOOKUP(B11,'aturan_fuzzy (rule)'!$A$2:$E$28,3,FALSE)="Rendah",VLOOKUP(A11,fuzzifikasi!$A:$M,7,FALSE),IF(VLOOKUP(B11,'aturan_fuzzy (rule)'!$A$2:$E$28,3,FALSE)="Sedang",VLOOKUP(A11,fuzzifikasi!$A:$M,8,FALSE),VLOOKUP(A11,fuzzifikasi!$A:$M,9,FALSE))) -> 0 | F11: =IF(VLOOKUP(B11,'aturan_fuzzy (rule)'!$A$2:$E$28,4,FALSE)="Rendah",VLOOKUP(A11,fuzzifikasi!$A:$M,11,FALSE),IF(VLOOKUP(B11,'aturan_fuzzy (rule)'!$A$2:$E$28,4,FALSE)="Sedang",VLOOKUP(A11,fuzzifikasi!$A:$M,12,FALSE),VLOOKUP(A11,fuzzifikasi!$A:$M,13,FALSE))) -> 0 | G11: =MIN(D11, E11, F11) -> 0 | H11: =IF(C11="Low_Risk", 70+(G11*30), IF(C11="Medium_Risk", 40+(G11*30), 40-(G11*40))) -> 40 | I11: =G11*H11 -> 0
A12: BBCA | B12: R11 | C12: Medium_Risk | D12: =IF(VLOOKUP(B12,'aturan_fuzzy (rule)'!$A$2:$E$28,2,FALSE)="Rendah",VLOOKUP(A12,fuzzifikasi!$A:$M,3,FALSE),IF(VLOOKUP(B12,'aturan_fuzzy (rule)'!$A$2:$E$28,2,FALSE)="Sedang",VLOOKUP(A12,fuzzifikasi!$A:$M,4,FALSE),VLOOKUP(A12,fuzzifikasi!$A:$M,5,FALSE))) -> 0.66666667 | E12: =IF(VLOOKUP(B12,'aturan_fuzzy (rule)'!$A$2:$E$28,3,FALSE)="Rendah",VLOOKUP(A12,fuzzifikasi!$A:$M,7,FALSE),IF(VLOOKUP(B12,'aturan_fuzzy (rule)'!$A$2:$E$28,3,FALSE)="Sedang",VLOOKUP(A12,fuzzifikasi!$A:$M,8,FALSE),VLOOKUP(A12,fuzzifikasi!$A:$M,9,FALSE))) -> 0 | F12: =IF(VLOOKUP(B12,'aturan_fuzzy (rule)'!$A$2:$E$28,4,FALSE)="Rendah",VLOOKUP(A12,fuzzifikasi!$A:$M,11,FALSE),IF(VLOOKUP(B12,'aturan_fuzzy (rule)'!$A$2:$E$28,4,FALSE)="Sedang",VLOOKUP(A12,fuzzifikasi!$A:$M,12,FALSE),VLOOKUP(A12,fuzzifikasi!$A:$M,13,FALSE))) -> 0 | G12: =MIN(D12, E12, F12) -> 0 | H12: =IF(C12="Low_Risk", 70+(G12*30), IF(C12="Medium_Risk", 40+(G12*30), 40-(G12*40))) -> 40 | I12: =G12*H12 -> 0
A13: BBCA | B13: R12 | C13: Medium_Risk | D13: =IF(VLOOKUP(B13,'aturan_fuzzy (rule)'!$A$2:$E$28,2,FALSE)="Rendah",VLOOKUP(A13,fuzzifikasi!$A:$M,3,FALSE),IF(VLOOKUP(B13,'aturan_fuzzy (rule)'!$A$2:$E$28,2,FALSE)="Sedang",VLOOKUP(A13,fuzzifikasi!$A:$M,4,FALSE),VLOOKUP(A13,fuzzifikasi!$A:$M,5,FALSE))) -> 0.66666667 | E13: =IF(VLOOKUP(B13,'aturan_fuzzy (rule)'!$A$2:$E$28,3,FALSE)="Rendah",VLOOKUP(A13,fuzzifikasi!$A:$M,7,FALSE),IF(VLOOKUP(B13,'aturan_fuzzy (rule)'!$A$2:$E$28,3,FALSE)="Sedang",VLOOKUP(A13,fuzzifikasi!$A:$M,8,FALSE),VLOOKUP(A13,fuzzifikasi!$A:$M,9,FALSE))) -> 0 | F13: =IF(VLOOKUP(B13,'aturan_fuzzy (rule)'!$A$2:$E$28,4,FALSE)="Rendah",VLOOKUP(A13,fuzzifikasi!$A:$M,11,FALSE),IF(VLOOKUP(B13,'aturan_fuzzy (rule)'!$A$2:$E$28,4,FALSE)="Sedang",VLOOKUP(A13,fuzzifikasi!$A:$M,12,FALSE),VLOOKUP(A13,fuzzifikasi!$A:$M,13,FALSE))) -> 1 | G13: =MIN(D13, E13, F13) -> 0 | H13: =IF(C13="Low_Risk", 70+(G13*30), IF(C13="Medium_Risk", 40+(G13*30), 40-(G13*40))) -> 40 | I13: =G13*H13 -> 0
... A168: ICBP | B168: R27 | C168: Low_Risk | D168: =IF(VLOOKUP(B168,'aturan_fuzzy (rule)'!$A$2:$E$28,2,FALSE)="Rendah",VLOOKUP(A168,fuzzifikasi!$A:$M,3,FALSE),IF(VLOOKUP(B168,'aturan_fuzzy (rule)'!$A$2:$E$28,2,FALSE)="Sedang",VLOOKUP(A168,fuzzifikasi!$A:$M,4,FALSE),VLOOKUP(A168,fuzzifikasi!$A:$M,5,FALSE))) -> 0.16666667 | E168: =IF(VLOOKUP(B168,'aturan_fuzzy (rule)'!$A$2:$E$28,3,FALSE)="Rendah",VLOOKUP(A168,fuzzifikasi!$A:$M,7,FALSE),IF(VLOOKUP(B168,'aturan_fuzzy (rule)'!$A$2:$E$28,3,FALSE)="Sedang",VLOOKUP(A168,fuzzifikasi!$A:$M,8,FALSE),VLOOKUP(A168,fuzzifikasi!$A:$M,9,FALSE))) -> 0 | F168: =IF(VLOOKUP(B168,'aturan_fuzzy (rule)'!$A$2:$E$28,4,FALSE)="Rendah",VLOOKUP(A168,fuzzifikasi!$A:$M,11,FALSE),IF(VLOOKUP(B168,'aturan_fuzzy (rule)'!$A$2:$E$28,4,FALSE)="Sedang",VLOOKUP(A168,fuzzifikasi!$A:$M,12,FALSE),VLOOKUP(A168,fuzzifikasi!$A:$M,13,FALSE))) -> 0 | G168: =MIN(D168, E168, F168) -> 0 | H168: =IF(C168="Low_Risk", 70+(G168*30), IF(C168="Medium_Risk", 40+(G168*30), 40-(G168*40))) -> 70 | I168: =G168*H168 -> 0

Sheet hasil_final (defuzzifikasi)
A1: Kode | B1: Total Alpha | C1: Total (Alpha*Z) | D1: Skor Akhir | E1: Kategori
A2: BBCA | B2: =SUMIF('rule_evaluation (inferensi)'!A:A, A2, 'rule_evaluation (inferensi)'!G:G) -> 0.83333333 | C2: =SUMIF('rule_evaluation (inferensi)'!A:A, A2, 'rule_evaluation (inferensi)'!I:I) -> 72.5 | D2: =IF(B2=0, 0, C2/B2) -> 87 | E2: =IF(D2>=70, "Low Risk", IF(D2>=40, "Medium Risk", "High Risk")) -> Low Risk
A3: BBRI | B3: =SUMIF('rule_evaluation (inferensi)'!A:A, A3, 'rule_evaluation (inferensi)'!G:G) -> 1 | C3: =SUMIF('rule_evaluation (inferensi)'!A:A, A3, 'rule_evaluation (inferensi)'!I:I) -> 100 | D3: =IF(B3=0, 0, C3/B3) -> 100 | E3: =IF(D3>=70, "Low Risk", IF(D3>=40, "Medium Risk", "High Risk")) -> Low Risk
A4: TLKM | B4: =SUMIF('rule_evaluation (inferensi)'!A:A, A4, 'rule_evaluation (inferensi)'!G:G) -> 1.23 | C4: =SUMIF('rule_evaluation (inferensi)'!A:A, A4, 'rule_evaluation (inferensi)'!I:I) -> 76.660167 | D4: =IF(B4=0, 0, C4/B4) -> 62.325339 | E4: =IF(D4>=70, "Low Risk", IF(D4>=40, "Medium Risk", "High Risk")) -> Medium Risk
A5: ASII | B5: =SUMIF('rule_evaluation (inferensi)'!A:A, A5, 'rule_evaluation (inferensi)'!G:G) -> 0.693074 | C5: =SUMIF('rule_evaluation (inferensi)'!A:A, A5, 'rule_evaluation (inferensi)'!I:I) -> 53.089872 | D5: =IF(B5=0, 0, C5/B5) -> 76.600583 | E5: =IF(D5>=70, "Low Risk", IF(D5>=40, "Medium Risk", "High Risk")) -> Low Risk
A6: UNVR | B6: =SUMIF('rule_evaluation (inferensi)'!A:A, A6, 'rule_evaluation (inferensi)'!G:G) -> 1.1726667 | C6: =SUMIF('rule_evaluation (inferensi)'!A:A, A6, 'rule_evaluation (inferensi)'!I:I) -> 84.744143 | D6: =IF(B6=0, 0, C6/B6) -> 72.266182 | E6: =IF(D6>=70, "Low Risk", IF(D6>=40, "Medium Risk", "High Risk")) -> Low Risk
A7: ICBP | B7: =SUMIF('rule_evaluation (inferensi)'!A:A, A7, 'rule_evaluation (inferensi)'!G:G) -> 0.83333333 | C7: =SUMIF('rule_evaluation (inferensi)'!A:A, A7, 'rule_evaluation (inferensi)'!I:I) -> 14.444444 | D7: =IF(B7=0, 0, C7/B7) -> 17.333333 | E7: =IF(D7>=70, "Low Risk", IF(D7>=40, "Medium Risk", "High Risk")) -> High Risk
